<?xml version="1.0" encoding="UTF-8"?>
<project-private xmlns="http://www.netbeans.org/ns/project-private/1">
    <editor-bookmarks xmlns="http://www.netbeans.org/ns/editor-bookmarks/2" lastBookmarkId="0"/>
    <open-files xmlns="http://www.netbeans.org/ns/projectui-open-files/2">
        <group>
            <file>file:/H:/NetBeansProjects/SSD4-实验二/SSD4-program2/src/ssd4/program2/SSD4Program2.java</file>
            <file>file:/H:/NetBeansProjects/SSD4-实验二/SSD4-program2/src/ssd4/program2/SSD4_Program2_GUI.java</file>
        </group>
    </open-files>
</project-private>
